mover cool , 10, 1, 80, Mann
the secaal to move cool 2, 50, 2, 80, Mann
this is a nother movie 3, 80, 3, 80, Mann
bees and beekeepers 4, 100, 4, 80, Mann
keppers and the bes (the sequal) 1, 20, 1, 120, Academy
the fist sequal  2, 40, 2, 120, Academy
the secale to the first seaual 34 3, 60, 3, 120, Academy
a movie with a very long name for crative perposes and not testeing, 500, 12, 120, Academy
bugs life or something, 30, 4, 200, Fern
a nother one 2, 40, 11, 200, Fern
one more  3, 50, 12, 200, Fern
i acalul need a few more 4, 60, 1, 200, Fern
ok i think this is the last 5, 70, 1, 200, Fern 